{"ratio": [], "shift": [["REALISE,REALISATEUR", 0], ["REALISE,EPISODE", 0], ["NOTE_PAR,UTILISATEUR", 0], ["NOTE_PAR,NOTE", 0], ["JOUE,EPISODE", 0], ["JOUE,ACTEUR", 0], ["NOTE_DE,NOTE", 0], ["NOTE_DE,SERIE", 0], ["NOTE_DE,EPISODE", 0], ["DE,GENRE", 0], ["DE,SERIE", 0], ["SAISON,SERIE", 0], ["SAISON,EPISODE", 0], ["CREE,SERIE", 0], ["CREE,CREATEUR", 0], ["ASSOCIE,MESSAGE", 0], ["ASSOCIE,SERIE", 0], ["PRODUIT,SERIE", 0], ["PRODUIT,PRODUCTEUR", 0], ["EST,CREATEUR", 0], ["EST,PRODUCTEUR", 0]], "colors": [["annotation_color", "#d73027"], ["annotation_text_color", "#ffffbf"], ["association_attribute_text_color", "#000000"], ["association_cartouche_color", "#fdae61"], ["association_cartouche_text_color", "#000000"], ["association_color", "#fee090"], ["association_stroke_color", "#f46d43"], ["background_color", "#ffffbf"], ["card_text_color", "#4575b4"], ["entity_attribute_text_color", "#000000"], ["entity_cartouche_color", "#abd9e9"], ["entity_cartouche_text_color", "#000000"], ["entity_color", "#e0f3f8"], ["entity_stroke_color", "#74add1"], ["leg_stroke_color", "#f46d43"], ["transparent_color", "none"]], "cy": [["REALISATEUR", 68], ["REALISE", 68], ["NOTE", 68], ["NOTE_PAR", 68], ["UTILISATEUR", 68], ["JOUE", 203], ["EPISODE", 203], ["NOTE_DE", 203], ["DE", 203], ["GENRE", 203], ["ACTEUR", 346], ["SAISON", 346], ["SERIE", 346], ["CREE", 346], ["CREATEUR", 346], ["MESSAGE", 481], ["ASSOCIE", 481], ["PRODUIT", 481], ["PRODUCTEUR", 481], ["EST", 481]], "cx": [["REALISATEUR", 57], ["REALISE", 171], ["NOTE", 290], ["NOTE_PAR", 408], ["UTILISATEUR", 527], ["JOUE", 57], ["EPISODE", 171], ["NOTE_DE", 290], ["DE", 408], ["GENRE", 527], ["ACTEUR", 57], ["SAISON", 171], ["SERIE", 290], ["CREE", 408], ["CREATEUR", 527], ["MESSAGE", 57], ["ASSOCIE", 171], ["PRODUIT", 290], ["PRODUCTEUR", 408], ["EST", 527]], "size": [583, 558]}